{
	"info": {
		"_postman_id": "f4cce92d-494c-4f63-a6fa-09e70f2b4156",
		"name": "HybridMwStructureValidator",
		"schema": "https://schema.getpostman.com/json/collection/v2.1.0/collection.json"
	},
	"item": [
		{
			"name": "EnvironmentSetUp",
			"item": [
				{
					"name": "Setting Up Environment",
					"event": [
						{
							"listen": "prerequest",
							"script": {
								"id": "6a1e746e-a742-4b4d-ba2f-962986fd39c4",
								"exec": [
									"console.log(\"==========================================================================================\");",
									"console.log(\"================== HybridMwStructure_2.0.0-tsp.191123.1110+validator.1 ===================\");",
									"console.log(\"==========================================================================================\");",
									"/*********************************************************************************************************",
									"* ",
									"* RequestCollection for validating HybridMwStructure Objects against definition ",
									"* ",
									"*                   HybridMwStructure_2.0.0-tsp.191123.1110",
									"* ",
									"* as it can be found on https://github.com/openBackhaul/hybridMwStructure/tree/tsp",
									"*",
									"*  ",
									"* This RequestCollection is for perpetual complementation.",
									"* ",
									"* Content of version 1 (05.01.2020):",
									"*  - Check for Completeness",
									"* ",
									"* ",
									"* The \"Setting Up Environment\" Request provides the following environmental variables",
									"* - controller",
									"* - controllerAddress",
									"* - pathToDbAndMountPoint",
									"* - username",
									"* - password",
									"* ",
									"* It also provides the following collection variables",
									"* - noOfDeviceUnderTest",
									"* - noOfLtpUnderTest",
									"* - pacUnderTest",
									"* - moduleUnderTest",
									"* - technologyUnderTest ",
									"* ",
									"*********************************************************************************************************/",
									"",
									"/********************************************",
									"* User Input",
									"********************************************/",
									"const IP_ADDRESS_OF_THE_CONTROLLER = \"172.29.145.220\";",
									"",
									"const RESTCONF_PORT_AT_THE_CONTROLLER = \"8181\";",
									"",
									"const USER_NAME_AT_THE_CONTROLLER = \"admin\";",
									"",
									"const PASSWORD_AT_THE_CONTROLLER = \"admin\";",
									"",
									"const PATH_TO_DB_AND_MOUNT_POINT = \"restconf/operational/network-topology:network-topology/topology/topology-netconf\";",
									"",
									"const NAME_OF_DEVICE_UNDER_TEST = \"SIAE-CO-12970\";",
									"",
									"const UUID_OF_LTP_UNDER_TEST = \"LTP-MWS-RADIO-1A\";",
									"",
									"const LID_OF_LP_UNDER_TEST = \"LP-MWS-RADIO-1A\";",
									"",
									"",
									"/********************************************",
									"* Setting up Collection Variables",
									"********************************************/",
									"// Setting collection variables for identifying the Interface under Test",
									"const NO_OF_DEVICE_UNDER_TEST = 0;",
									"const NO_OF_LTP_UNDER_TEST = 0;",
									"const PAC_UNDER_TEST = \"hybrid-mw-structure-2-0:hybrid-mw-structure-pac\";",
									"const MODULE_UNDER_TEST = \"hybrid-mw-structure-2-0\";",
									"const TECHNOLOGY_UNDER_TEST = \"hybrid-mw-structure\";",
									"",
									"pm.collectionVariables.set(\"noOfDeviceUnderTest\", NO_OF_DEVICE_UNDER_TEST);",
									"pm.collectionVariables.set(\"noOfLtpUnderTest\", NO_OF_LTP_UNDER_TEST);",
									"pm.collectionVariables.set(\"pacUnderTest\", PAC_UNDER_TEST);",
									"pm.collectionVariables.set(\"moduleUnderTest\", MODULE_UNDER_TEST);",
									"pm.collectionVariables.set(\"technologyUnderTest\", TECHNOLOGY_UNDER_TEST);",
									"",
									"",
									"/********************************************",
									"* Setting up Environmental Variables ",
									"********************************************/",
									"pm.environment.clear();",
									"",
									"controllerAddress = IP_ADDRESS_OF_THE_CONTROLLER + \":\" + RESTCONF_PORT_AT_THE_CONTROLLER + \"/\";",
									"pm.environment.set(\"controllerAddress\", controllerAddress);",
									"pm.environment.set(\"username\", USER_NAME_AT_THE_CONTROLLER);",
									"pm.environment.set(\"password\", PASSWORD_AT_THE_CONTROLLER);",
									"pm.environment.set(\"pathToDbAndMountPoint\", PATH_TO_DB_AND_MOUNT_POINT);",
									"",
									"class Interface {",
									"    constructor(newLtpUuid, newlpLid) {",
									"        this.ltpUuid = newLtpUuid;",
									"        this.lpLid = newlpLid;",
									"    }",
									"}",
									"let interfaceUnderTest = new Interface(UUID_OF_LTP_UNDER_TEST, LID_OF_LP_UNDER_TEST);",
									"",
									"class Node {",
									"    constructor(newNodeId) {",
									"        this.nodeId = newNodeId;",
									"        this.airInterfaceList = [];",
									"        this.ethernetContainerList = [];",
									"        this.hybridMwStructureList = [];",
									"        this.ipInterfaceList = [];",
									"        this.macInterfaceList = [];",
									"        this.pureEthernetStructureList = [];",
									"        this.tdmContainerList = [];",
									"        this.vlanInterfaceList = [];",
									"        this.wireInterfaceList = [];",
									"    }",
									"}",
									"let nodeUnderTest = new Node(NAME_OF_DEVICE_UNDER_TEST);",
									"switch (TECHNOLOGY_UNDER_TEST) {",
									"    case \"air-interface\":",
									"        nodeUnderTest.airInterfaceList.push(interfaceUnderTest);",
									"        break;",
									"    case \"ethernet-container\":",
									"        nodeUnderTest.ethernetContainerList.push(interfaceUnderTest);",
									"        break;",
									"    case \"hybrid-mw-structure\":",
									"        nodeUnderTest.hybridMwStructureList.push(interfaceUnderTest);",
									"        break;",
									"    case \"ip-interface\":",
									"        nodeUnderTest.ipInterfaceList.push(interfaceUnderTest);",
									"        break;",
									"    case \"mac-interface\":",
									"        nodeUnderTest.macInterfaceList.push(interfaceUnderTest);",
									"        break;",
									"    case \"pure-ethernet-structure\":",
									"        nodeUnderTest.pureEthernetStructureList.push(interfaceUnderTest);",
									"        break;",
									"    case \"tdm-container\":",
									"        nodeUnderTest.tdmContainerList.push(interfaceUnderTest);",
									"        break;",
									"    case \"vlan-interface\":",
									"        nodeUnderTest.vlanInterfaceList.push(interfaceUnderTest);",
									"        break;",
									"    case \"wire-interface\":",
									"        nodeUnderTest.wireInterfaceList.push(interfaceUnderTest);",
									"        break;",
									"}",
									"",
									"class Controller {",
									"    constructor () {",
									"        this.nodeList = [];",
									"    }",
									"}",
									"let controller = new Controller();",
									"controller.nodeList.push(nodeUnderTest);",
									"",
									"pm.environment.set(\"controller\", controller);",
									"",
									"",
									"/********************************************",
									"* Setting up Local Variables",
									"********************************************/",
									"pm.variables.set(\"classUnderTest\", \"pac\");",
									"",
									"",
									"/********************************************",
									"* Setting up Request Variables",
									"********************************************/",
									"// Preparing the Request",
									"let noOfDeviceUnderTest = pm.collectionVariables.get(\"noOfDeviceUnderTest\");",
									"let controllerUnderTest = pm.environment.get(\"controllerAddress\");",
									"let dbAndMountPointUnderTest = pm.environment.get(\"pathToDbAndMountPoint\");",
									"let idOfDeviceUnderTest = pm.environment.get(\"controller\").nodeList[noOfDeviceUnderTest].nodeId;",
									"let networkElementUnderTest = \"/node/\" + idOfDeviceUnderTest + \"/yang-ext:mount\";",
									"let technologyUnderTest = pm.collectionVariables.get(\"technologyUnderTest\");",
									"let noOfLtpUnderTest = pm.collectionVariables.get(\"noOfLtpUnderTest\");",
									"let nodeIds = pm.environment.get(\"controller\").nodeList[noOfDeviceUnderTest];",
									"let idPair;",
									"switch (technologyUnderTest) {",
									"    case \"air-interface\":",
									"        idPair = nodeIds.airInterfaceList[noOfLtpUnderTest];",
									"        break;",
									"    case \"ethernet-container\":",
									"        idPair = nodeIds.ethernetContainerList[noOfLtpUnderTest];",
									"        break;",
									"    case \"hybrid-mw-structure\":",
									"        idPair = nodeIds.hybridMwStructureList[noOfLtpUnderTest];",
									"        break;",
									"    case \"ip-interface\":",
									"        idPair = nodeIds.ipInterfaceList[noOfLtpUnderTest];",
									"        break;",
									"    case \"mac-interface\":",
									"        idPair = nodeIds.macInterfaceList[noOfLtpUnderTest];",
									"        break;",
									"    case \"pure-ethernet-structure\":",
									"        idPair = nodeIds.pureEthernetStructureList[noOfLtpUnderTest];",
									"        break;",
									"    case \"tdm-container\":",
									"        idPair = nodeIds.tdmContainerList[noOfLtpUnderTest];",
									"        break;",
									"    case \"vlan-interface\":",
									"        idPair = nodeIds.vlanInterfaceList[noOfLtpUnderTest];",
									"        break;",
									"    case \"wire-interface\":",
									"        idPair = nodeIds.wireInterfaceList[noOfLtpUnderTest];",
									"        break;",
									"}",
									"let ltpUuidOfObjectUnderTest = idPair.ltpUuid;",
									"let lpLidOfObjectUnderTest = idPair.lpLid;",
									"let pacUnderTest = pm.collectionVariables.get(\"pacUnderTest\");",
									"let objectUnderTest = \"/core-model-1-4:control-construct/logical-termination-point/\" ",
									"                            + ltpUuidOfObjectUnderTest",
									"                            + \"/layer-protocol/\" ",
									"                            + lpLidOfObjectUnderTest",
									"                            + \"/\"",
									"                            + pacUnderTest;",
									"",
									"// Formulating the Request",
									"pm.variables.set(\"controllerUnderTest\", controllerUnderTest);",
									"pm.variables.set(\"dB\", dbAndMountPointUnderTest);",
									"pm.variables.set(\"networkElement\", networkElementUnderTest);",
									"pm.variables.set(\"object\", objectUnderTest);",
									"",
									"pm.variables.set(\"username\", pm.environment.get(\"username\"));",
									"pm.variables.set(\"password\", pm.environment.get(\"password\"));",
									"",
									"pm.request.headers.upsert({key:\"Accept\", value:\"application/json\"});",
									"pm.request.headers.upsert({key:\"Content-Type\", value:\"application/json\"});",
									""
								],
								"type": "text/javascript"
							}
						},
						{
							"listen": "test",
							"script": {
								"id": "ec562c48-5724-43dd-9827-6b93725cf290",
								"exec": [
									"/*********************",
									" * Indicating Results *",
									" *********************/",
									"let controller = pm.environment.get(\"controller\");",
									"let nameOfTheDeviceUnderTest = controller.nodeList[0].nodeId;",
									"let moduleUnderTest = pm.collectionVariables.get(\"moduleUnderTest\");",
									"let technologyUnderTest = pm.collectionVariables.get(\"technologyUnderTest\");",
									"let classUnderTest = pm.variables.get(\"classUnderTest\");",
									"let objectUnderTest = technologyUnderTest + \"-\" + classUnderTest;",
									"",
									"if (pm.response.code == 200) {",
									"    var objectInclHeadline = pm.response.json();",
									"    var object = objectInclHeadline[moduleUnderTest + \":\" + technologyUnderTest + \"-\" + classUnderTest];",
									"    console.log(objectUnderTest + \" at \" + nameOfTheDeviceUnderTest + \" could be retrieved:\");",
									"    console.log(object);",
									"",
									"} else {",
									"    console.log(\" ERROR: \" + objectUnderTest + \" at \" + nameOfTheDeviceUnderTest ",
									"                    + \" could not be retrieved. Response Code: \" + pm.response.code);",
									"}",
									"",
									"pm.test(objectUnderTest + \" at \" + nameOfTheDeviceUnderTest + \" could be retrieved\", function() {",
									"    pm.response.to.have.status(200);",
									"});",
									"",
									"",
									"/******************************",
									" * Cleaning Up and Terminating *",
									" ******************************/",
									"pm.variables.clear();"
								],
								"type": "text/javascript"
							}
						}
					],
					"request": {
						"auth": {
							"type": "basic",
							"basic": [
								{
									"key": "password",
									"value": "{{password}}",
									"type": "string"
								},
								{
									"key": "username",
									"value": "{{username}}",
									"type": "string"
								}
							]
						},
						"method": "GET",
						"header": [],
						"url": {
							"raw": "http://{{controllerAddress}}{{dB}}{{networkElement}}{{object}}",
							"protocol": "http",
							"host": [
								"{{controllerAddress}}{{dB}}{{networkElement}}{{object}}"
							]
						}
					},
					"response": []
				}
			],
			"protocolProfileBehavior": {}
		},
		{
			"name": "Completeness",
			"item": [
				{
					"name": "CapabilityCompleteness",
					"event": [
						{
							"listen": "prerequest",
							"script": {
								"id": "6a1e746e-a742-4b4d-ba2f-962986fd39c4",
								"exec": [
									"/*******************************************************************************",
									"* ",
									"* Request for validating HybridMwStructure Capability Objects against definition ",
									"* ",
									"*                   HybridMwStructure_2.0.0-tsp.191123.1110",
									"* ",
									"* as it can be found on https://github.com/openBackhaul/hybridMwStructure/tree/tsp",
									"* ",
									"* It checks for ",
									"*  - reachability of *_Pac class and Capability class",
									"*  - availability of all attributes",
									"*  - correct datatypes",
									"*  - correct enumeration values",
									"*  - no additional, vendor specific amendments",
									"* ",
									"* It requires the following environmental variables",
									"*  - controller",
									"*  - controllerAddress",
									"*  - pathToDbAndMountPoint",
									"*  - username",
									"*  - password",
									"* ",
									"* It requires the following collection variables",
									"*  - pacUnderTest",
									"*  - moduleUnderTest",
									"*  - technologyUnderTest",
									"* ",
									"*******************************************************************************/",
									"",
									"console.log(\"--------------------Checking HybridMwStructureCapability for Completeness----------------------\");",
									"",
									"/********************************************",
									"* Setting up Local Variables",
									"********************************************/",
									"// Defining the Class Under Test",
									"const CLASS_UNDER_TEST = \"capability\";",
									"pm.variables.set(\"classUnderTest\", CLASS_UNDER_TEST);",
									"",
									"// HybridMwStructureCapability Reference Schema",
									"let HYBRID_MW_STRUCTURE_CAPABILITY_SCHEMA = {\t",
									"\t\"type\": \"object\", ",
									"\t\"properties\": {",
									"\t\t\"supported-alarm-list\": {",
									"            \"type\": \"array\",",
									"            \"item\":                                     { \"type\": \"string\" }",
									"\t\t},\t",
									"\t\t\"supported-tdm-structure-kind-list\": {",
									"\t\t\t\"type\": \"array\",",
									"\t\t\t\"items\": { ",
									"\t\t\t\t\"type\": \"object\",",
									"\t\t\t\t\"properties\": {",
									"\t\t\t\t\t\"tdm-structure-name\":     \t\t\t{ \"type\": \"string\" },",
									"\t\t\t\t\t\"tdm-segment-size\":     \t\t\t{ \"type\": \"number\" },",
									"\t\t\t\t\t\"max-number-of-segments-reservable\":{ \"type\": \"number\" }",
									"\t\t        },",
									"\t\t        \"required\": [\"tdm-structure-name\", ",
									"\t\t\t\t            \t\"tdm-segment-size\",",
									"\t\t\t\t            \t\"max-number-of-segments-reservable\"",
									"\t\t\t\t\t          ]\t",
									"\t        \t}\t",
									"\t\t},\t\t",
									"\t\t\"performance-monitoring-is-avail\":\t \t\t\t{ \"type\": \"boolean\" }",
									"\t},",
									"\t\"required\": [ \"supported-alarm-list\", ",
									"\t\t\t\t    \"supported-tdm-structure-kind-list\",",
									"\t\t\t\t    \"performance-monitoring-is-avail\"\t\t\t\t\t\t\t\t\t\t\t  \t\t\t\t\t\t\t\t",
									"\t]",
									"};",
									"pm.variables.set(\"schema\", HYBRID_MW_STRUCTURE_CAPABILITY_SCHEMA);",
									"",
									"",
									"// Definition of Setting up the Request Variables as a function",
									"const SETTING_THE_REQUEST_VARIABLES = () => {",
									"    /********************************************",
									"    * Setting the Request Variables",
									"    ********************************************/",
									"    // Preparing the Request",
									"    let noOfDeviceUnderTest = pm.collectionVariables.get(\"noOfDeviceUnderTest\");",
									"    let controllerUnderTest = pm.environment.get(\"controllerAddress\");",
									"    let dbAndMountPointUnderTest = pm.environment.get(\"pathToDbAndMountPoint\");",
									"    let idOfDeviceUnderTest = pm.environment.get(\"controller\").nodeList[noOfDeviceUnderTest].nodeId;",
									"    let networkElementUnderTest = \"/node/\" + idOfDeviceUnderTest + \"/yang-ext:mount\";",
									"    let technologyUnderTest = pm.collectionVariables.get(\"technologyUnderTest\");",
									"    let noOfLtpUnderTest = pm.collectionVariables.get(\"noOfLtpUnderTest\");",
									"    let nodeIds = pm.environment.get(\"controller\").nodeList[noOfDeviceUnderTest];",
									"    let idPair;",
									"    switch (technologyUnderTest) {",
									"        case \"air-interface\":",
									"            idPair = nodeIds.airInterfaceList[noOfLtpUnderTest];",
									"            break;",
									"        case \"ethernet-container\":",
									"            idPair = nodeIds.ethernetContainerList[noOfLtpUnderTest];",
									"            break;",
									"        case \"hybrid-mw-structure\":",
									"            idPair = nodeIds.hybridMwStructureList[noOfLtpUnderTest];",
									"            break;",
									"        case \"ip-interface\":",
									"            idPair = nodeIds.ipInterfaceList[noOfLtpUnderTest];",
									"            break;",
									"        case \"mac-interface\":",
									"            idPair = nodeIds.macInterfaceList[noOfLtpUnderTest];",
									"            break;",
									"        case \"pure-ethernet-structure\":",
									"            idPair = nodeIds.pureEthernetStructureList[noOfLtpUnderTest];",
									"            break;",
									"        case \"tdm-container\":",
									"            idPair = nodeIds.tdmContainerList[noOfLtpUnderTest];",
									"            break;",
									"        case \"vlan-interface\":",
									"            idPair = nodeIds.vlanInterfaceList[noOfLtpUnderTest];",
									"            break;",
									"        case \"wire-interface\":",
									"            idPair = nodeIds.wireInterfaceList[noOfLtpUnderTest];",
									"            break;",
									"    }",
									"    let ltpUuidOfObjectUnderTest = idPair.ltpUuid;",
									"    let lpLidOfObjectUnderTest = idPair.lpLid;let pacUnderTest = pm.collectionVariables.get(\"pacUnderTest\");",
									"    let moduleUnderTest = pm.collectionVariables.get(\"moduleUnderTest\");",
									"    let classUnderTest = pm.variables.get(\"classUnderTest\");",
									"    let objectUnderTest = \"/core-model-1-4:control-construct/logical-termination-point/\" ",
									"                                + ltpUuidOfObjectUnderTest",
									"                                + \"/layer-protocol/\" ",
									"                                + lpLidOfObjectUnderTest",
									"                                + \"/\"",
									"                                + pacUnderTest",
									"                                + \"/\"",
									"                                + technologyUnderTest",
									"                                + \"-\"",
									"                                + classUnderTest;",
									"    ",
									"    ",
									"    // Formulating the Request",
									"    pm.variables.set(\"controllerUnderTest\", controllerUnderTest);",
									"    pm.variables.set(\"dB\", dbAndMountPointUnderTest);",
									"    pm.variables.set(\"networkElement\", networkElementUnderTest);",
									"    pm.variables.set(\"object\", objectUnderTest);",
									"    ",
									"    pm.variables.set(\"username\", pm.environment.get(\"username\"));",
									"    pm.variables.set(\"password\", pm.environment.get(\"password\"));",
									"    ",
									"    pm.request.headers.upsert({key:\"Accept\", value:\"application/json\"});",
									"    pm.request.headers.upsert({key:\"Content-Type\", value:\"application/json\"});",
									"};",
									"",
									"",
									"/********************************************",
									"* Setting up Collection Variables",
									"********************************************/",
									"// Setting the Tests Script as a Collection va",
									"pm.collectionVariables.set( \"settingTheRequestVariables\", SETTING_THE_REQUEST_VARIABLES.toString() );",
									"",
									"",
									"/********************************************",
									"* Formulating the Request",
									"********************************************/",
									"// Execution of the Pre-Request Script defined in CapabilityCompleteness",
									"eval(pm.collectionVariables.get(\"settingTheRequestVariables\"))();"
								],
								"type": "text/javascript"
							}
						},
						{
							"listen": "test",
							"script": {
								"id": "ec562c48-5724-43dd-9827-6b93725cf290",
								"exec": [
									"/********************************************",
									"* Setting up Local Variables",
									"********************************************/",
									"// Definition of the Tests Script as a function",
									"const TESTS_SCRIPT_FOR_ALL_CLASSES = () => {",
									"    /*********************",
									"    * Indicating Results *",
									"    *********************/",
									"    let controller = pm.environment.get(\"controller\");",
									"    let noOfDeviceUnderTest = pm.collectionVariables.get(\"noOfDeviceUnderTest\");",
									"    let nameOfTheDeviceUnderTest = controller.nodeList[noOfDeviceUnderTest].nodeId;",
									"    let moduleUnderTest = pm.collectionVariables.get(\"moduleUnderTest\");",
									"    let technologyUnderTest = pm.collectionVariables.get(\"technologyUnderTest\");",
									"    let classUnderTest = pm.variables.get(\"classUnderTest\");",
									"    let objectUnderTest = technologyUnderTest + \"-\" + classUnderTest;",
									"    ",
									"    if (pm.response.code == 200) {",
									"        var objectInclHeadline = pm.response.json();",
									"        var object = objectInclHeadline[moduleUnderTest + \":\" + technologyUnderTest + \"-\" + classUnderTest];",
									"        console.log(objectUnderTest + \" at \" + nameOfTheDeviceUnderTest + \" could be retrieved:\");",
									"        console.log(object);                                        ",
									"    ",
									"        var reference = pm.variables.get(\"schema\");",
									"        console.log(objectUnderTest + \" Reference:\");               ",
									"        console.log(reference);                                     ",
									"        ",
									"        console.log(objectUnderTest + \" at \" + nameOfTheDeviceUnderTest + \" Validation Result: \");",
									"        console.log(tv4.validateMultiple(object, reference, true, true));",
									"    } else {",
									"        console.log(\" ERROR: \" + objectUnderTest + \" at \" + nameOfTheDeviceUnderTest ",
									"                        + \" could not be retrieved. Response Code: \" + pm.response.code);",
									"    }",
									"    ",
									"    pm.test(objectUnderTest + \" at \" + nameOfTheDeviceUnderTest + \" could be retrieved\", function () {",
									"        pm.response.to.have.status(200);",
									"    });",
									"    pm.test(objectUnderTest + \" at \" + nameOfTheDeviceUnderTest + \" is compliant to specification\", function() {",
									"      pm.expect(tv4.validate(object, reference)).to.be.true;",
									"    });",
									"    ",
									"    /******************************",
									"    * Cleaning Up and Terminating *",
									"    ******************************/",
									"    pm.variables.clear();",
									"};",
									"",
									"",
									"/********************************************",
									"* Setting up Collection Variables",
									"********************************************/",
									"// Setting the Tests Script as a Collection va",
									"pm.collectionVariables.set( \"testsScriptForAllClasses\", TESTS_SCRIPT_FOR_ALL_CLASSES.toString() );",
									"",
									"",
									"/********************************************",
									"* Testing",
									"********************************************/",
									"// Execution of the Tests Script defined in CapabilityCompleteness",
									"eval(pm.collectionVariables.get(\"testsScriptForAllClasses\"))();"
								],
								"type": "text/javascript"
							}
						}
					],
					"request": {
						"auth": {
							"type": "basic",
							"basic": [
								{
									"key": "password",
									"value": "{{password}}",
									"type": "string"
								},
								{
									"key": "username",
									"value": "{{username}}",
									"type": "string"
								}
							]
						},
						"method": "GET",
						"header": [],
						"url": {
							"raw": "http://{{controllerAddress}}{{dB}}{{networkElement}}{{object}}",
							"protocol": "http",
							"host": [
								"{{controllerAddress}}{{dB}}{{networkElement}}{{object}}"
							]
						}
					},
					"response": []
				},
				{
					"name": "ConfigurationCompleteness",
					"event": [
						{
							"listen": "prerequest",
							"script": {
								"id": "6a1e746e-a742-4b4d-ba2f-962986fd39c4",
								"exec": [
									"/*******************************************************************************",
									"* ",
									"* Request for validating HybridMwStructure Configuration Objects against definition ",
									"* ",
									"*                   HybridMwStructure_2.0.0-tsp.191123.1110",
									"* ",
									"* as it can be found on https://github.com/openBackhaul/hybridMwStructure/tree/tsp",
									"* ",
									"* It checks for ",
									"*  - reachability of *_Pac class and Capability class",
									"*  - availability of all attributes",
									"*  - correct datatypes",
									"*  - correct enumeration values",
									"*  - no additional, vendor specific amendments",
									"* ",
									"* It requires the following environmental variables",
									"*  - controller",
									"*  - controllerAddress",
									"*  - pathToDbAndMountPoint",
									"*  - username",
									"*  - password",
									"* ",
									"* It requires the following collection variables",
									"*  - pacUnderTest",
									"*  - moduleUnderTest",
									"*  - technologyUnderTest",
									"* ",
									"*******************************************************************************/",
									"",
									"console.log(\"-------------------Checking HybridMwStructureConfiguration for Completeness--------------------\");",
									"",
									"/********************************************",
									"* Setting up Local Variables",
									"********************************************/",
									"// Defining the Class Under Test",
									"const CLASS_UNDER_TEST = \"configuration\";",
									"pm.variables.set(\"classUnderTest\", CLASS_UNDER_TEST);",
									"",
									"// HybridMwStructureConfiguration Reference Schema",
									"let HYBRID_MW_STRUCTURE_CONFIGURATION_SCHEMA = {\t",
									"\t\"type\": \"object\", ",
									"\t\"properties\": {",
									"\t\t\"tdm-structure-kind\":                       { \"type\": \"string\" },",
									"\t\t\"number-of-tdm-segments-to-be-reserved\": \t{ \"type\": \"number\" },",
									" \t\t\"problem-kind-severity-list\": {",
									"            \"type\": \"array\",",
									"\t\t\t\"items\": {",
									"        \t\t\"type\": \"object\", ",
									"        \t\t\"properties\": {",
									"        \t\t\t\"problem-kind-name\":            { \"type\": \"string\" },",
									"        \t\t\t\"problem-kind-severity\": { \"enum\": [",
									"                                                \"hybrid-mw-structure-2-0:SEVERITY_TYPE_NON_ALARMED\",",
									"                                                \"hybrid-mw-structure-2-0:SEVERITY_TYPE_WARNING\",",
									"                                                \"hybrid-mw-structure-2-0:SEVERITY_TYPE_MINOR\",",
									"                                                \"hybrid-mw-structure-2-0:SEVERITY_TYPE_MAJOR\",",
									"                                                \"hybrid-mw-structure-2-0:SEVERITY_TYPE_CRITICAL\",",
									"                                                \"hybrid-mw-structure-2-0:SEVERITY_TYPE_NOT_YET_DEFINED\"",
									"                                               ]",
									"        \t\t\t}",
									"        \t\t},",
									"                \"required\": [\"problem-kind-name\",",
									"                                \"problem-kind-severity\"",
									"                ]",
									"\t\t\t}",
									"\t\t}, \t\t",
									"\t\t\"g-826-threshold-cross-alarm-list\": {",
									"            \"type\": \"array\",",
									"\t\t\t\"items\": {",
									"                \"type\": \"object\", ",
									"                \"properties\": {",
									"                    \"g-826-value-kind\": { \"enum\": [",
									"\t\t\t\t\t\t\t\t\t\t\t\"hybrid-mw-structure-2-0:G826_TYPE_ES\",",
									"\t\t\t\t\t\t\t\t\t\t\t\"hybrid-mw-structure-2-0:G826_TYPE_SES\",",
									"\t\t\t\t\t\t\t\t\t\t\t\"hybrid-mw-structure-2-0:G826_TYPE_CSES\",",
									"\t\t\t\t    \t\t\t\t\t\t\"hybrid-mw-structure-2-0:G826_TYPE_UAS\",",
									"\t\t\t\t\t\t\t\t\t\t\t\"hybrid-mw-structure-2-0:G826_TYPE_NOT_SPECIFIED\"",
									"\t\t\t\t\t\t\t\t\t\t  ]",
									"                    },",
									"                    \"alarm-raising-threshold\":      { \"type\": \"number\" },",
									"                    \"alarm-clearing-threshold\":     { \"type\": \"number\" },",
									"                    \"granularity-period\": { \"enum\": [",
									"\t\t\t\t\t\t\t\t\t\t\t\t\"hybrid-mw-structure-2-0:GRANULARITY_PERIOD_TYPE_UNKNOWN\",",
									"\t\t\t\t\t\t\t\t\t\t\t\t\"hybrid-mw-structure-2-0:GRANULARITY_PERIOD_TYPE_PERIOD_15_MIN\",",
									"\t\t\t\t\t\t\t\t\t\t\t\t\"hybrid-mw-structure-2-0:GRANULARITY_PERIOD_TYPE_PERIOD_24_HOURS\",",
									"\t\t\t\t\t\t\t\t\t\t\t\t\"hybrid-mw-structure-2-0:GRANULARITY_PERIOD_TYPE_NOT_YET_DEFINED\"",
									"\t\t\t\t\t\t\t\t\t\t\t]",
									"                    }",
									"                },",
									"                \"required\": [\"g-826-value-kind\",",
									"                                \"alarm-raising-threshold\",",
									"\t\t\t\t\t\t\t\t\"alarm-clearing-threshold\",",
									"\t\t\t\t\t\t\t\t\"granularity-period\"",
									"\t\t\t\t]",
									"            }",
									"\t\t},",
									"\t\t\"clearing-threshold-cross-alarms-is-on\": \t{ \"type\": \"boolean\" },",
									"\t\t\"performance-monitoring-is-on\": \t\t\t{ \"type\": \"boolean\" }",
									"\t},",
									"\t\"required\": [ \"tdm-structure-kind\",",
									"\t                \"number-of-tdm-segments-to-be-reserved\",",
									"\t\t\t\t\t\"problem-kind-severity-list\", ",
									"\t\t\t\t\t\"g-826-threshold-cross-alarm-list\",",
									"\t\t\t\t\t\"clearing-threshold-cross-alarms-is-on\",",
									"\t\t\t\t\t\"performance-monitoring-is-on\"\t",
									"    ]\t\t",
									"};",
									"pm.variables.set(\"schema\", HYBRID_MW_STRUCTURE_CONFIGURATION_SCHEMA);",
									"",
									"",
									"/********************************************",
									"* Formulating the Request",
									"********************************************/",
									"// Execution of the Pre-Request Script defined in CapabilityCompleteness",
									"eval(pm.collectionVariables.get(\"settingTheRequestVariables\"))();"
								],
								"type": "text/javascript"
							}
						},
						{
							"listen": "test",
							"script": {
								"id": "ec562c48-5724-43dd-9827-6b93725cf290",
								"exec": [
									"/********************************************",
									"* Testing",
									"********************************************/",
									"// Execution of the Tests Script defined in CapabilityCompleteness",
									"eval(pm.collectionVariables.get(\"testsScriptForAllClasses\"))();"
								],
								"type": "text/javascript"
							}
						}
					],
					"request": {
						"auth": {
							"type": "basic",
							"basic": [
								{
									"key": "password",
									"value": "{{password}}",
									"type": "string"
								},
								{
									"key": "username",
									"value": "{{username}}",
									"type": "string"
								}
							]
						},
						"method": "GET",
						"header": [],
						"url": {
							"raw": "http://{{controllerAddress}}{{dB}}{{networkElement}}{{object}}",
							"protocol": "http",
							"host": [
								"{{controllerAddress}}{{dB}}{{networkElement}}{{object}}"
							]
						}
					},
					"response": []
				},
				{
					"name": "StatusCompleteness",
					"event": [
						{
							"listen": "prerequest",
							"script": {
								"id": "6a1e746e-a742-4b4d-ba2f-962986fd39c4",
								"exec": [
									"/*******************************************************************************",
									"* ",
									"* Request for validating HybridMwStructure Status Objects against definition ",
									"* ",
									"*                   HybridMwStructure_2.0.0-tsp.191123.1110",
									"* ",
									"* as it can be found on https://github.com/openBackhaul/hybridMwStructure/tree/tsp",
									"* ",
									"* It checks for ",
									"*  - reachability of *_Pac class and Capability class",
									"*  - availability of all attributes",
									"*  - correct datatypes",
									"*  - correct enumeration values",
									"*  - no additional, vendor specific amendments",
									"* ",
									"* It requires the following environmental variables",
									"*  - controller",
									"*  - controllerAddress",
									"*  - pathToDbAndMountPoint",
									"*  - username",
									"*  - password",
									"* ",
									"* It requires the following collection variables",
									"*  - pacUnderTest",
									"*  - moduleUnderTest",
									"*  - technologyUnderTest",
									"* ",
									"*******************************************************************************/",
									"",
									"console.log(\"----------------------Checking HybridMwStructureStatus for Completeness------------------------\");",
									"",
									"/********************************************",
									"* Setting up Local Variables",
									"********************************************/",
									"// Defining the Class Under Test",
									"const CLASS_UNDER_TEST = \"status\";",
									"pm.variables.set(\"classUnderTest\", CLASS_UNDER_TEST);",
									"",
									"// HybridMwStructureStatus Reference Schema",
									"let HYBRID_MW_STRUCTURE_STATUS_SCHEMA = {\t",
									"\t\"type\": \"object\", ",
									"\t\"properties\": {",
									"\t\t\"segment-status-list\": { ",
									"\t\t\t\"type\": \"array\",",
									"\t\t\t\"items\": { ",
									"\t\t\t\t\"type\": \"object\",",
									"\t\t\t\t\"properties\": {",
									"\t\t\t\t\t\"segment-status-type-id\": \t\t{ \"type\": \"number\" },",
									"\t\t\t\t\t\"segment-is-reserved-for-tdm\":\t{ \"type\": \"boolean\" },",
									"\t\t\t\t\t\"operational-status\": { \"enum\": [",
									"\t\t\t\t\t\t\t\t\t\t    \t\"hybrid-mw-structure-2-0:OPERATIONAL_STATE_TYPE_ENABLED\",",
									"\t\t\t\t\t\t\t\t\t\t    \t\"hybrid-mw-structure-2-0:OPERATIONAL_STATE_TYPE_DISABLED\",",
									"\t\t\t\t\t\t\t\t\t\t    \t\"hybrid-mw-structure-2-0:OPERATIONAL_STATE_TYPE_NOT_YET_DEFINED\"",
									"\t\t\t\t\t\t\t\t\t\t    ]",
									"\t\t\t\t\t}",
									"\t\t\t\t},",
									"\t\t\t\t\"required\": [ \"segment-status-type-id\", ",
									"\t\t\t\t\t\t\t    \"segment-is-reserved-for-tdm\",",
									"\t\t\t\t\t\t\t    \"operational-status\"\t\t\t\t\t\t\t\t\t\t\t  ",
									"\t\t\t\t]\t",
									"\t\t\t}",
									"\t\t},\t\t",
									"\t\t\"performance-monitoring-is-up\": { \"type\": \"boolean\" }\t\t\t\t",
									"\t},",
									"\t\"required\": [ \"segment-status-list\", ",
									"\t\t\t\t    \"performance-monitoring-is-up\"\t\t\t\t\t\t\t\t\t\t\t  ",
									"\t]\t",
									"};",
									"pm.variables.set(\"schema\", HYBRID_MW_STRUCTURE_STATUS_SCHEMA);",
									"",
									"",
									"/********************************************",
									"* Formulating the Request",
									"********************************************/",
									"// Execution of the Pre-Request Script defined in CapabilityCompleteness",
									"eval(pm.collectionVariables.get(\"settingTheRequestVariables\"))();"
								],
								"type": "text/javascript"
							}
						},
						{
							"listen": "test",
							"script": {
								"id": "ec562c48-5724-43dd-9827-6b93725cf290",
								"exec": [
									"/********************************************",
									"* Testing",
									"********************************************/",
									"// Execution of the Tests Script defined in CapabilityCompleteness",
									"eval(pm.collectionVariables.get(\"testsScriptForAllClasses\"))();"
								],
								"type": "text/javascript"
							}
						}
					],
					"request": {
						"auth": {
							"type": "basic",
							"basic": [
								{
									"key": "password",
									"value": "{{password}}",
									"type": "string"
								},
								{
									"key": "username",
									"value": "{{username}}",
									"type": "string"
								}
							]
						},
						"method": "GET",
						"header": [],
						"url": {
							"raw": "http://{{controllerAddress}}{{dB}}{{networkElement}}{{object}}",
							"protocol": "http",
							"host": [
								"{{controllerAddress}}{{dB}}{{networkElement}}{{object}}"
							]
						}
					},
					"response": []
				},
				{
					"name": "CurrentProblemsCompleteness",
					"event": [
						{
							"listen": "prerequest",
							"script": {
								"id": "6a1e746e-a742-4b4d-ba2f-962986fd39c4",
								"exec": [
									"/*******************************************************************************",
									"* ",
									"* Request for validating HybridMwStructure CurrentProblems Objects against definition ",
									"* ",
									"*                   HybridMwStructure_2.0.0-tsp.191123.1110",
									"* ",
									"* as it can be found on https://github.com/openBackhaul/hybridMwStructure/tree/tsp",
									"* ",
									"* It checks for ",
									"*  - reachability of *_Pac class and Capability class",
									"*  - availability of all attributes",
									"*  - correct datatypes",
									"*  - correct enumeration values",
									"*  - no additional, vendor specific amendments",
									"* ",
									"* It requires the following environmental variables",
									"*  - controller",
									"*  - controllerAddress",
									"*  - pathToDbAndMountPoint",
									"*  - username",
									"*  - password",
									"* ",
									"* It requires the following collection variables",
									"*  - pacUnderTest",
									"*  - moduleUnderTest",
									"*  - technologyUnderTest",
									"* ",
									"*******************************************************************************/",
									"",
									"console.log(\"------------------Checking HybridMwStructureCurrentProblems for Completeness-------------------\");",
									"",
									"/********************************************",
									"* Setting up Local Variables",
									"********************************************/",
									"// Defining the Class Under Test",
									"const CLASS_UNDER_TEST = \"current-problems\";",
									"pm.variables.set(\"classUnderTest\", CLASS_UNDER_TEST);",
									"",
									"// Air Interface Current Problems Reference Schema",
									"let HYBRID_MW_STRUCTURE_CURRENT_PROBLEMS_SCHEMA = {\t",
									"\t\"type\": \"object\", ",
									"\t\"properties\": {",
									"\t\t\"current-problem-list\": {",
									"\t\t\t\"type\": \"array\",",
									"\t\t\t\"items\": {",
									"\t\t\t    \"type\": \"object\",",
									"\t\t\t    \"properties\": {",
									"\t\t\t\t\t\"problem-name\": \t\t\t{ \"type\": \"string\" },",
									"\t\t\t\t\t\"sequence-number\": \t\t\t{ \"type\": \"number\" },",
									"\t\t\t\t\t\"timestamp\": \t\t\t\t{ \"type\": \"string\" },",
									"\t\t\t\t\t\"problem-severity\": { \"enum\": [",
									"\t\t\t\t\t\t\t\t\t\t\t\"hybrid-mw-structure-2-0:SEVERITY_TYPE_NON_ALARMED\",",
									"\t\t\t\t\t\t\t\t\t\t\t\"hybrid-mw-structure-2-0:SEVERITY_TYPE_WARNING\",",
									"\t\t\t\t\t\t\t\t\t\t\t\"hybrid-mw-structure-2-0:SEVERITY_TYPE_MINOR\",",
									"\t\t\t\t\t\t\t\t\t\t\t\"hybrid-mw-structure-2-0:SEVERITY_TYPE_MAJOR\",",
									"\t\t\t\t\t\t\t\t\t\t\t\"hybrid-mw-structure-2-0:SEVERITY_TYPE_CRITICAL\",",
									"\t\t\t\t\t\t\t\t\t\t\t\"hybrid-mw-structure-2-0:SEVERITY_TYPE_NOT_YET_DEFINED\"\t\t\t\t\t\t\t\t\t",
									"\t\t\t\t\t\t\t\t\t\t  ]",
									"\t\t\t\t\t}",
									"\t\t\t\t},",
									"\t\t\t\t\"required\":\t[ \"problem-name\", ",
									"\t\t\t\t\t\t\t    \"sequence-number\",\t\t\t\t\t\t\t\t\t\t\t  ",
									"\t\t\t\t\t\t\t    \"timestamp\",",
									"\t\t\t\t\t\t\t    \"problem-severity\"\t",
									"\t\t\t\t]\t\t\t\t\t\t",
									"\t\t\t}",
									"\t\t}",
									"\t},",
									"\t\"required\": [ \"current-problem-list\"] ",
									"};",
									"pm.variables.set(\"schema\", HYBRID_MW_STRUCTURE_CURRENT_PROBLEMS_SCHEMA);",
									"",
									"",
									"/********************************************",
									"* Formulating the Request",
									"********************************************/",
									"// Execution of the Pre-Request Script defined in CapabilityCompleteness",
									"eval(pm.collectionVariables.get(\"settingTheRequestVariables\"))();"
								],
								"type": "text/javascript"
							}
						},
						{
							"listen": "test",
							"script": {
								"id": "ec562c48-5724-43dd-9827-6b93725cf290",
								"exec": [
									"/********************************************",
									"* Testing",
									"********************************************/",
									"// Execution of the Tests Script defined in CapabilityCompleteness",
									"eval(pm.collectionVariables.get(\"testsScriptForAllClasses\"))();"
								],
								"type": "text/javascript"
							}
						}
					],
					"request": {
						"auth": {
							"type": "basic",
							"basic": [
								{
									"key": "password",
									"value": "{{password}}",
									"type": "string"
								},
								{
									"key": "username",
									"value": "{{username}}",
									"type": "string"
								}
							]
						},
						"method": "GET",
						"header": [],
						"url": {
							"raw": "http://{{controllerAddress}}{{dB}}{{networkElement}}{{object}}",
							"protocol": "http",
							"host": [
								"{{controllerAddress}}{{dB}}{{networkElement}}{{object}}"
							]
						}
					},
					"response": []
				},
				{
					"name": "CurrentPerformanceCompleteness",
					"event": [
						{
							"listen": "prerequest",
							"script": {
								"id": "6a1e746e-a742-4b4d-ba2f-962986fd39c4",
								"exec": [
									"/*******************************************************************************",
									"* ",
									"* Request for validating HybridMwStructure CurrentPerformance Objects against definition ",
									"* ",
									"*                   HybridMwStructure_2.0.0-tsp.191123.1110",
									"* ",
									"* It checks for ",
									"*  - reachability of *_Pac class and Capability class",
									"*  - availability of all attributes",
									"*  - correct datatypes",
									"*  - correct enumeration values",
									"*  - no additional, vendor specific amendments",
									"* ",
									"* It requires the following environmental variables",
									"*  - controller",
									"*  - controllerAddress",
									"*  - pathToDbAndMountPoint",
									"*  - username",
									"*  - password",
									"* ",
									"* It requires the following collection variables",
									"*  - pacUnderTest",
									"*  - moduleUnderTest",
									"*  - technologyUnderTest",
									"* ",
									"*******************************************************************************/",
									"",
									"console.log(\"----------------Checking HybridMwStructureCurrentPerformance for Completeness------------------\");",
									"",
									"/********************************************",
									"* Setting up Local Variables",
									"********************************************/",
									"// Defining the Class Under Test",
									"const CLASS_UNDER_TEST = \"current-performance\";",
									"pm.variables.set(\"classUnderTest\", CLASS_UNDER_TEST);",
									"",
									"// Air Interface Current Performance Reference Schema",
									"let HYBRID_MW_STRUCTURE_CURRENT_PERFORMANCE_SCHEMA = {\t",
									"\t\"type\": \"object\", ",
									"\t\"properties\": {",
									"\t\t\"current-performance-data-list\": {",
									"\t\t\t\"type\": \"array\",",
									"\t\t\t\"items\": {",
									"\t\t\t    \"type\": \"object\",",
									"\t\t\t    \"properties\": {",
									"\t\t\t\t\t\"performance-data\": {",
									"\t\t\t\t\t\t\"type\": \"object\", ",
									"\t\t\t\t\t\t\"properties\": {",
									"\t\t\t\t\t\t\t\"time-period\": \t\t\t\t\t{ \"type\": \"number\" }, \t\t\t\t",
									"\t\t\t\t\t\t\t\"es\": \t\t\t\t\t\t\t{ \"type\": \"number\" },",
									"\t\t\t\t\t\t\t\"ses\": \t\t\t\t\t\t\t{ \"type\": \"number\" }, \t\t",
									"\t\t\t\t\t\t\t\"cses\": \t\t\t\t\t\t{ \"type\": \"number\" }, \t",
									"\t\t\t\t\t\t\t\"unavailability\": \t\t\t\t{ \"type\": \"number\" }, ",
									"\t\t\t\t\t\t\t\"rx-level-min\": \t\t\t\t{ \"type\": \"number\" }, \t",
									"\t\t\t\t\t\t\t\"rx-level-max\": \t\t\t\t{ \"type\": \"number\" },\t\t",
									"\t\t\t\t\t\t\t\"rx-level-avg\": \t\t\t\t{ \"type\": \"number\" } \t\t\t\t\t\t\t\t",
									"\t\t\t\t\t\t},",
									"\t\t\t\t\t\t\"required\": [ \"time-period\",",
									"    \t\t\t\t\t\t\t\t\t\"es\", ",
									"    \t\t\t\t\t\t\t\t\t\"ses\",\t\t\t\t\t\t\t\t\t\t\t  ",
									"    \t\t\t\t\t\t\t\t\t\"cses\",",
									"    \t\t\t\t\t\t\t\t\t\"unavailability\",\t",
									"    \t\t\t\t\t\t\t\t\t\"rx-level-min\",",
									"    \t\t\t\t\t\t\t\t\t\"rx-level-max\",",
									"    \t\t\t\t\t\t\t\t\t\"rx-level-avg\"",
									"\t\t\t\t\t\t]\t\t\t\t",
									"\t\t\t\t\t},",
									"\t\t\t\t\t\"timestamp\": \t\t\t\t\t\t{ \"type\": \"string\" },",
									"\t\t\t\t\t\"suspect-interval-flag\": \t\t\t{ \"type\": \"boolean\" },\t\t\t",
									"\t\t\t\t\t\"elapsed-time\": \t\t\t\t\t{ \"type\": \"integer\" },\t\t",
									"\t\t\t\t\t\"scanner-id\": \t\t\t\t\t\t{ \"type\": \"string\" },",
									"\t\t\t\t\t\"operational-state\": { \"enum\": [",
									"\t\t\t\t\t\t\t\t\t\t\t\"hybrid-mw-structure-2-0:OPERATIONAL_STATE_TYPE_ENABLED\",",
									"\t\t\t\t\t\t\t\t\t\t\t\"hybrid-mw-structure-2-0:OPERATIONAL_STATE_TYPE_DISABLED\",",
									"\t\t\t\t\t\t\t\t\t\t\t\"hybrid-mw-structure-2-0:OPERATIONAL_STATE_TYPE_NOT_YET_DEFINED\"",
									"\t\t\t\t\t\t\t\t\t\t   ]",
									"\t\t\t\t\t},\t ",
									"\t\t\t\t\t\"granularity-period\": { \"enum\": [",
									"\t\t\t\t\t\t\t\t\t\t\t \"hybrid-mw-structure-2-0:GRANULARITY_PERIOD_TYPE_UNKNOWN\",",
									"\t\t\t\t\t\t\t\t\t\t\t \"hybrid-mw-structure-2-0:GRANULARITY_PERIOD_TYPE_PERIOD-15-MIN\",",
									"\t\t\t\t\t\t\t\t\t\t\t \"hybrid-mw-structure-2-0:GRANULARITY_PERIOD_TYPE_PERIOD-24-HOURS\",",
									"\t\t\t\t\t\t\t\t\t\t\t \"hybrid-mw-structure-2-0:GRANULARITY_PERIOD_TYPE_NOT_YET_DEFINED\"",
									"\t\t\t\t\t\t\t\t\t\t    ]",
									"\t\t\t\t\t},\t ",
									"\t\t\t\t\t\"administrative-state\": { \"enum\": [",
									"\t\t\t\t\t\t\t\t\t\t\t\t\"hybrid-mw-structure-2-0:ADMINISTRATIVE_STATE_TYPE_UNLOCKED\",",
									"\t\t\t\t\t\t\t\t\t\t\t\t\"hybrid-mw-structure-2-0:ADMINISTRATIVE_STATE_TYPE_LOCKED\",",
									"\t\t\t\t\t\t\t\t\t\t\t\t\"hybrid-mw-structure-2-0:ADMINISTRATIVE_STATE_TYPE_SHUTTING_DOWN\",",
									"\t\t\t\t\t\t\t\t\t\t\t\t\"hybrid-mw-structure-2-0:ADMINISTRATIVE_STATE_TYPE_NOT_YET_DEFINED\"\t\t\t\t\t",
									"\t\t\t\t\t\t\t\t\t\t\t  ]",
									"\t\t\t\t\t},\t ",
									"\t\t\t\t\t\"object-class\": \t\t\t\t\t{ \"type\": \"string\" },",
									"\t\t\t\t\t\"name-binding\": \t\t\t\t\t{ \"type\": \"string\" },",
									"\t\t\t\t\t\"packages\": \t\t\t\t\t\t{ \"type\": \"string\" },",
									"\t\t\t\t\t\"allomorphs\": \t\t\t\t\t\t{ \"type\": \"string\" }",
									"\t\t\t\t},",
									"\t\t\t\t\"required\":\t[ \"performance-data\",",
									"    \t\t\t\t\t\t\t\"timestamp\",",
									"    \t\t\t\t\t\t\t\"suspect-interval-flag\",",
									"    \t\t\t\t\t\t\t\"elapsed-time\",",
									"    \t\t\t\t\t\t\t\"scanner-id\",",
									"    \t\t\t\t\t\t\t\"granularity-period\",",
									"",
									"\t\t\t\t]",
									"\t\t\t}",
									"\t\t}",
									"\t},",
									"\t\"required\":\t[ \"current-performance-data-list\" ]",
									"};",
									"pm.variables.set(\"schema\", HYBRID_MW_STRUCTURE_CURRENT_PERFORMANCE_SCHEMA);",
									"",
									"",
									"/********************************************",
									"* Formulating the Request",
									"********************************************/",
									"// Execution of the Pre-Request Script defined in CapabilityCompleteness",
									"eval(pm.collectionVariables.get(\"settingTheRequestVariables\"))();"
								],
								"type": "text/javascript"
							}
						},
						{
							"listen": "test",
							"script": {
								"id": "ec562c48-5724-43dd-9827-6b93725cf290",
								"exec": [
									"/********************************************",
									"* Testing",
									"********************************************/",
									"// Execution of the Tests Script defined in CapabilityCompleteness",
									"eval(pm.collectionVariables.get(\"testsScriptForAllClasses\"))();"
								],
								"type": "text/javascript"
							}
						}
					],
					"request": {
						"auth": {
							"type": "basic",
							"basic": [
								{
									"key": "password",
									"value": "{{password}}",
									"type": "string"
								},
								{
									"key": "username",
									"value": "{{username}}",
									"type": "string"
								}
							]
						},
						"method": "GET",
						"header": [],
						"url": {
							"raw": "http://{{controllerAddress}}{{dB}}{{networkElement}}{{object}}",
							"protocol": "http",
							"host": [
								"{{controllerAddress}}{{dB}}{{networkElement}}{{object}}"
							]
						}
					},
					"response": []
				},
				{
					"name": "HistoricalPerformancesCompleteness",
					"event": [
						{
							"listen": "prerequest",
							"script": {
								"id": "6a1e746e-a742-4b4d-ba2f-962986fd39c4",
								"exec": [
									"/*******************************************************************************",
									"* ",
									"* Request for validating HybridMwStructure HistoricalPerformances Objects against definition ",
									"* ",
									"*                   HybridMwStructure_2.0.0-tsp.191123.1110",
									"* ",
									"* as it can be found on https://github.com/openBackhaul/hybrid-mw-structure/tree/tsp",
									"* ",
									"* It checks for ",
									"*  - reachability of *_Pac class and Capability class",
									"*  - availability of all attributes",
									"*  - correct datatypes",
									"*  - correct enumeration values",
									"*  - no additional, vendor specific amendments",
									"* ",
									"* It requires the following environmental variables",
									"*  - controller",
									"*  - controllerAddress",
									"*  - pathToDbAndMountPoint",
									"*  - username",
									"*  - password",
									"* ",
									"* It requires the following collection variables",
									"*  - pacUnderTest",
									"*  - moduleUnderTest",
									"*  - technologyUnderTest",
									"* ",
									"*******************************************************************************/",
									"",
									"console.log(\"---------------Checking HybridMwStructureHistoricalPerformances for Completeness---------------\");",
									"",
									"/********************************************",
									"* Setting up Local Variables",
									"********************************************/",
									"// Defining the Class Under Test",
									"const CLASS_UNDER_TEST = \"historical-performances\";",
									"pm.variables.set(\"classUnderTest\", CLASS_UNDER_TEST);",
									"",
									"// HybridMwStructureHistoricalPerformances Reference Schema",
									"let HYBRID_MW_STRUCTURE_HISTORICAL_PERFORMANCES_SCHEMA = {\t",
									"\t\"type\": \"object\", ",
									"\t\"properties\": {",
									"\t\t\"historical-performance-data-list\": {",
									"\t\t\t\"type\": \"array\",",
									"\t\t\t\"items\": {",
									"\t\t\t    \"type\": \"object\",",
									"\t\t\t    \"properties\": {",
									"\t\t\t\t\t\"performance-data\": {",
									"\t\t\t\t\t\t\"type\": \"object\", ",
									"\t\t\t\t\t\t\"properties\": {",
									"\t\t\t\t\t\t\t\"time-period\": \t\t\t\t\t{ \"type\": \"number\" }, \t\t\t\t",
									"\t\t\t\t\t\t\t\"es\": \t\t\t\t\t\t\t{ \"type\": \"number\" },",
									"\t\t\t\t\t\t\t\"ses\": \t\t\t\t\t\t\t{ \"type\": \"number\" }, \t\t",
									"\t\t\t\t\t\t\t\"cses\": \t\t\t\t\t\t{ \"type\": \"number\" }, \t",
									"\t\t\t\t\t\t\t\"unavailability\": \t\t\t\t{ \"type\": \"number\" }, ",
									"\t\t\t\t\t\t\t\"rx-level-min\": \t\t\t\t{ \"type\": \"number\" }, \t",
									"\t\t\t\t\t\t\t\"rx-level-max\": \t\t\t\t{ \"type\": \"number\" },\t\t",
									"\t\t\t\t\t\t\t\"rx-level-avg\": \t\t\t\t{ \"type\": \"number\" }",
									"\t\t\t\t\t\t},\t\t\t\t\t\t",
									"\t\t\t\t\t\t\"required\": [ \"time-period\",",
									"\t\t\t\t\t\t\t\t\t    \"es\", ",
									"\t\t\t\t\t\t\t\t\t    \"ses\",\t\t\t\t\t\t\t\t\t\t\t  ",
									"\t\t\t\t\t\t\t\t\t    \"cses\",",
									"\t\t\t\t\t\t\t\t\t    \"unavailability\",\t",
									"\t\t\t\t\t\t\t\t\t    \"rx-level-min\",",
									"\t\t\t\t\t\t\t\t\t    \"rx-level-max\",",
									"\t\t\t\t\t\t\t\t\t    \"rx-level-avg\"",
									"\t\t\t\t\t\t]\t\t\t\t\t",
									"\t\t\t\t\t},\t\t",
									"\t\t\t\t\t\"suspect-interval-flag\": \t\t\t{ \"type\": \"boolean\" },",
									"\t\t\t\t\t\"history-data-id\": \t\t\t\t\t{ \"type\": \"string\" },",
									"\t\t\t\t\t\"period-end-time\": \t\t\t\t\t{ \"type\": \"string\" },",
									"\t\t\t\t\t\"granularity-period\": { \"enum\": [",
									"\t\t\t\t\t\t\t\t\t\t\t \"hybrid-mw-structure-2-0:GRANULARITY_PERIOD_TYPE_UNKNOWN\",",
									"\t\t\t\t\t\t\t\t\t\t\t \"hybrid-mw-structure-2-0:GRANULARITY_PERIOD_TYPE_PERIOD-15-MIN\",",
									"\t\t\t\t\t\t\t\t\t\t\t \"hybrid-mw-structure-2-0:GRANULARITY_PERIOD_TYPE_PERIOD-24-HOURS\",",
									"\t\t\t\t\t\t\t\t\t\t\t \"hybrid-mw-structure-2-0:GRANULARITY_PERIOD_TYPE_NOT_YET_DEFINED\"",
									"\t\t\t\t\t\t\t\t\t\t    ]",
									"\t\t\t\t\t},\t \t ",
									"\t\t\t\t\t\"object-class\": \t\t\t\t\t{ \"type\": \"string\" },",
									"\t\t\t\t\t\"name-binding\": \t\t\t\t\t{ \"type\": \"string\" },",
									"\t\t\t\t\t\"packages\": \t\t\t\t\t\t{ \"type\": \"string\" },",
									"\t\t\t\t\t\"allomorphs\": \t\t\t\t\t\t{ \"type\": \"string\" }",
									"\t\t\t\t},",
									"\t\t\t\t\"required\":\t[ \"performance-data\",",
									"\t\t\t\t\t\t\t    \"suspect-interval-flag\",",
									"\t\t\t\t\t\t\t    \"history-data-id\",",
									"\t\t\t\t\t\t\t    \"period-end-time\",",
									"\t\t\t\t\t\t\t    \"granularity-period\"",
									"\t\t\t\t]",
									"\t\t\t}",
									"\t\t}",
									"\t},",
									"\t\"required\":\t[ \"historical-performance-data-list\" ]",
									"};",
									"pm.variables.set(\"schema\", HYBRID_MW_STRUCTURE_HISTORICAL_PERFORMANCES_SCHEMA);",
									"",
									"",
									"/********************************************",
									"* Formulating the Request",
									"********************************************/",
									"// Execution of the Pre-Request Script defined in CapabilityCompleteness",
									"eval(pm.collectionVariables.get(\"settingTheRequestVariables\"))();"
								],
								"type": "text/javascript"
							}
						},
						{
							"listen": "test",
							"script": {
								"id": "ec562c48-5724-43dd-9827-6b93725cf290",
								"exec": [
									"/********************************************",
									"* Testing",
									"********************************************/",
									"// Execution of the Tests Script defined in CapabilityCompleteness",
									"eval(pm.collectionVariables.get(\"testsScriptForAllClasses\"))();"
								],
								"type": "text/javascript"
							}
						}
					],
					"request": {
						"auth": {
							"type": "basic",
							"basic": [
								{
									"key": "password",
									"value": "{{password}}",
									"type": "string"
								},
								{
									"key": "username",
									"value": "{{username}}",
									"type": "string"
								}
							]
						},
						"method": "GET",
						"header": [],
						"url": {
							"raw": "http://{{controllerAddress}}{{dB}}{{networkElement}}{{object}}",
							"protocol": "http",
							"host": [
								"{{controllerAddress}}{{dB}}{{networkElement}}{{object}}"
							]
						}
					},
					"response": []
				}
			],
			"event": [
				{
					"listen": "prerequest",
					"script": {
						"id": "6df5b19e-9ca9-43cb-b421-d73bdf845f4d",
						"type": "text/javascript",
						"exec": [
							""
						]
					}
				},
				{
					"listen": "test",
					"script": {
						"id": "6f88d695-6791-4eea-aa0c-9e4a1653f9a9",
						"type": "text/javascript",
						"exec": [
							""
						]
					}
				}
			],
			"protocolProfileBehavior": {}
		}
	],
	"event": [
		{
			"listen": "prerequest",
			"script": {
				"id": "bc84095b-9576-4659-a028-439eecd5af4f",
				"type": "text/javascript",
				"exec": [
					""
				]
			}
		},
		{
			"listen": "test",
			"script": {
				"id": "b23566e2-f64c-406d-9100-d01129e3bf6f",
				"type": "text/javascript",
				"exec": [
					""
				]
			}
		}
	],
	"protocolProfileBehavior": {}
}